year,week_start,ramadan_days,eid,value_bn_sar,rank_in_year
2020,2020-12-27,0,,10.74,1
2020,2020-06-28,0,,10.47,2
2020,2020-06-21,0,,9.19,3
2021,2021-11-28,0,,12.06,1
2021,2021-12-26,0,,11.84,2
2021,2021-03-28,0,,11.37,3
2022,2022-04-24,7,,15.97,1
2022,2022-03-27,1,,14.05,2
2022,2022-11-27,0,,13.68,3
2023,2023-11-26,0,,14.87,1
2023,2023-02-26,0,,14.57,2
2023,2023-12-24,0,,13.99,3
2024,2024-03-31,7,,16.54,1
2024,2024-02-25,0,,16.21,2
2024,2024-05-26,0,,15.22,3
2025,2025-03-23,7,,20.1,1
2025,2025-02-23,1,,17.58,2
2025,2025-05-25,0,,15.58,3
