level,series,ramadans,ramadan_vs_before_pct,lowest_year_pct,highest_year_pct,last_week_before_eid_vs_before_pct,rank_in_level
city,Makkah,5,59.8,46.3,82.1,98.3,1
city,Madina,5,19.4,13.9,26.8,55.3,2
city,Jeddah,5,13.5,10.4,17.8,39.9,3
city,Tabouk,5,10.0,7.1,13.4,30.7,4
city,Hail,5,9.6,6.8,13.1,38.4,5
city,Other cities,5,8.8,7.3,11.2,35.3,6
city,Buraidah,5,8.4,2.6,18.7,31.6,7
city,Dammam,5,6.8,4.2,10.8,23.2,8
city,Abha,5,6.4,2.1,12.0,29.9,9
city,Riyadh,5,5.3,3.4,10.6,21.8,10
city,Khobar,5,0.5,-2.1,6.8,15.7,11
national,National,5,10.4,7.6,14.5,33.4,1
sector,Clothing and Footwear,5,113.4,100.2,126.5,208.1,1
sector,Jewelry,5,74.9,47.5,103.2,172.3,2
sector,Telecommunication,5,24.6,9.7,45.8,44.1,3
sector,Transportation,5,17.3,9.7,26.2,24.6,4
sector,Hotels,5,13.9,1.9,36.9,29.9,5
sector,Miscellaneous Goods and Services,5,12.8,8.3,20.2,41.6,6
sector,Other,5,12.6,9.6,19.6,36.4,7
sector,Recreation and Culture,5,10.5,2.9,22.9,43.1,8
sector,Health,5,6.9,3.2,9.7,18.3,9
sector,Furniture,5,2.9,-5.7,8.7,20.8,10
sector,Beverage and Food,5,-1.4,-9.6,6.1,8.9,11
sector,Public Utilities,5,-2.3,-22.8,7.8,2.8,12
sector,Gas Stations,5,-3.1,-5.8,1.4,3.0,13
sector,Electronic & Electric Devices,5,-8.0,-14.7,-2.5,-3.4,14
sector,Restaurants & Café,5,-19.9,-22.7,-17.6,-0.7,15
sector,Construction & Building Materials,5,-20.7,-27.9,-15.4,-21.5,16
sector,Education,5,-29.4,-51.3,1.4,-56.3,17
